日付,担当者,商品,数量,単価
2026/08/11,鈴木,付箋,1,250
2026/08/03,佐藤,ファイル,10,450
2026/08/02,鈴木,ノート,2,1200
2026/08/14,田中,ノート,4,1200
2026/08/03,田中,ノート,10,1200
2026/08/04,鈴木,ノート,10,1200
2026/08/19,田中,ノート,4,1200
2026/08/02,鈴木,ファイル,7,450
2026/08/05,佐藤,ファイル,9,450
2026/08/27,鈴木,ノート,10,1200
2026/08/19,鈴木,ファイル,2,450
2026/08/18,佐藤,ノート,10,1200
2026/09/07,田中,付箋,6,250
2026/09/15,田中,ファイル,5,450
2026/09/08,鈴木,ペン,2,300
2026/09/19,高橋,付箋,6,250
2026/09/24,田中,ファイル,10,450
2026/09/03,佐藤,付箋,3,250
2026/09/25,高橋,ペン,8,300
2026/09/14,佐藤,ノート,9,1200
2026/09/19,高橋,ファイル,6,450
2026/09/20,田中,付箋,2,250
2026/09/27,佐藤,ファイル,8,450
2026/09/23,佐藤,ノート,5,1200
2026/10/21,田中,ファイル,7,450
2026/10/22,高橋,ノート,8,1200
2026/10/12,鈴木,ノート,8,1200
2026/10/02,鈴木,ファイル,3,450
2026/10/24,鈴木,付箋,7,250
2026/10/28,田中,ノート,3,1200
2026/10/15,田中,ファイル,3,450
2026/10/27,田中,ファイル,7,450
2026/10/12,田中,ペン,3,300
2026/10/03,鈴木,ペン,4,300
2026/10/22,鈴木,ノート,8,1200
2026/10/27,鈴木,ファイル,5,450
